,income,no2,humidiffin,temp,pm10,tempin,windsd,solramnt,y_am_pef,airp,humid,seap,tempdiffin,pm25in,co2in,pm25,dewpt,cooking,road_dist,co,pm25diffin,humidin,o3,solrhr,grdt,so2,varp
Mean_df1,0.0,0.30266666666666664,0.44926315789473686,0.45836842105263154,0.4563157894736843,0.5170701754385965,0.3642456140350877,0.2926140350877193,0.29910526315789476,0.6515789473684209,0.388578947368421,0.6491052631578947,0.5750350877192982,0.3084736842105263,0.35342105263157886,0.2622982456140351,0.4368245614035087,0.5,0.5,0.30933333333333335,0.45101754385964904,0.3568771929824561,0.31756140350877193,0.5475087719298246,0.3327719298245614,0.266859649122807,0.2128421052631579
Std_df1,0.0,0.22467447351138722,0.2005160775808789,0.21951827385525555,0.1995878930889075,0.21238701699366813,0.2583117082063669,0.168519472633407,0.0948178110548492,0.1771734367554271,0.23524303142619649,0.17795120561251437,0.204747489511234,0.17453040108317988,0.16120948520574324,0.23597775053353479,0.21658865908239003,0.0,0.0,0.20478903197937048,0.12356960028780631,0.18454432976692295,0.15545520916050978,0.26420339316025726,0.20532222215892926,0.142200994395319,0.18017727277339987
Mean_df2,0.06619525700807571,0.3462802767753601,0.5550094842910767,0.46172717213630676,0.4574408233165741,0.5376700162887573,0.4396631419658661,0.42090678215026855,0.4057657718658447,0.6038361191749573,0.3556968867778778,0.5966965556144714,0.559754490852356,0.3653064966201782,0.41149255633354187,0.32170504331588745,0.40245869755744934,0.48078295588493347,0.4988488256931305,0.3510637879371643,0.48919451236724854,0.3649522066116333,0.3946463167667389,0.5560315251350403,0.38484901189804077,0.33966556191444397,0.2570017874240875
Std_df2,0.09401162713766098,0.19374480843544006,0.2238503396511078,0.1660272628068924,0.17361204326152802,0.19736944139003754,0.2183401882648468,0.15088409185409546,0.11567050218582153,0.12399642914533615,0.18462394177913666,0.12560543417930603,0.1577925682067871,0.1649523228406906,0.13804972171783447,0.24023447930812836,0.1463346779346466,0.06385494023561478,0.029531754553318024,0.1844947338104248,0.1311541348695755,0.12939748167991638,0.10124864429235458,0.13338860869407654,0.1762911081314087,0.15075531601905823,0.1408572942018509
