,road_dist,pm25,airp,income,humidin,temp,tempdiffin,solrhr,pm25in,humid,solramnt,varp,grdt,seap,co2in,pm10,dewpt,so2,humidiffin,co,pm25diffin,no2,y_am_pef,tempin,cooking,windsd,o3
Mean_df1,0.5,0.2622982456140351,0.6515789473684209,0.0,0.3568771929824561,0.45836842105263154,0.5750350877192982,0.5475087719298246,0.3084736842105263,0.388578947368421,0.2926140350877193,0.2128421052631579,0.3327719298245614,0.6491052631578947,0.35342105263157886,0.4563157894736843,0.4368245614035087,0.266859649122807,0.44926315789473686,0.30933333333333335,0.45101754385964904,0.30266666666666664,0.29910526315789476,0.5170701754385965,0.5,0.3642456140350877,0.31756140350877193
Std_df1,0.0,0.23597775053353479,0.1771734367554271,0.0,0.18454432976692295,0.21951827385525555,0.204747489511234,0.26420339316025726,0.17453040108317988,0.23524303142619649,0.168519472633407,0.18017727277339987,0.20532222215892926,0.17795120561251437,0.16120948520574324,0.1995878930889075,0.21658865908239003,0.142200994395319,0.2005160775808789,0.20478903197937048,0.12356960028780631,0.22467447351138722,0.0948178110548492,0.21238701699366813,0.0,0.2583117082063669,0.15545520916050978
Mean_df2,0.478802889585495,0.309790700674057,0.553204357624054,0.06907656788825989,0.4262057840824127,0.477855920791626,0.5713905096054077,0.4992218017578125,0.3536512553691864,0.3667103350162506,0.3540510833263397,0.2542136013507843,0.3421083986759186,0.573962390422821,0.32176706194877625,0.41084039211273193,0.41502678394317627,0.36125001311302185,0.4240186810493469,0.35074418783187866,0.44115149974823,0.37463346123695374,0.3767218589782715,0.5439902544021606,0.409013956785202,0.39130452275276184,0.385431170463562
Std_df2,0.07794364541769028,0.08897119015455246,0.10084078460931778,0.05958488583564758,0.05805480480194092,0.0526142455637455,0.08405821770429611,0.0652020052075386,0.09676209092140198,0.09189844876527786,0.07863158732652664,0.1006767675280571,0.09192943572998047,0.0632815957069397,0.0763380378484726,0.09066931903362274,0.0792352557182312,0.06630624830722809,0.06551361829042435,0.08320026844739914,0.12001572549343109,0.10464025288820267,0.08308341354131699,0.06003296375274658,0.06547948718070984,0.06915156543254852,0.05426904931664467
